BEGIN;

INSERT INTO streams (stream_number) VALUES
(1), 
(2), 
(3);

INSERT INTO groups (group_number, stream) VALUES
(101, 1), 
(102, 2), 
(103, 3),
(201, 1), 
(202, 2), 
(203, 3);

INSERT INTO students (full_name, study_year, group) VALUES
('Иванов Александр Дмитриевич',      1, 101),
('Попова Елена Николаевна',          1, 101),
('Никифоров Алексей Михайлович',     1, 102),
('Игнатов Артем Сергеевич',          1, 102),
('Королёва Анастасия Александровна', 1, 103),
('Логинов Никита Денисович',         1, 103),
('Баранов Игорь Владиславович',      2, 201),
('Кузнецова Екатерина Сергеевна',    2, 201),
('Сахаров Иван Васильевич',          2, 202),
('Романов Олег Валентинович',        2, 202),
('Гринёв Дмитрий Константинович',    2, 203),
('Белова Анна Владимровна',          2, 203);

INSERT INTO courses (course_name, coverage, intensity, study_year) VALUES
('Математический анализ',      'Потоковый', 1, 1),
('Линейная алгебра',           'Потоковый', 1, 1),
('Операционные системы',       'Групповой', 2, 1),
('Практикум на ЭВМ',           'Групповой', 1, 1),
('Классическая механика',      'Спецкурс',  2, NULL),
('Функциональный анализ',      'Спецкурс',  1, NULL),
('Электродинамика',            'Потоковый', 1, 2),
('Системы программирования',   'Потоковый', 1, 2),
('Дифференциальные уравнения', 'Групповой', 2, 2),
('Архитектура ЭВМ',            'Групповой', 1, 2),
('Английский язык',            'Спецкурс',  1, NULL),
('Основы кибернетики',         'Спецкурс',  1, NULL);

INSERT INTO listeners (listener_type, id, course) VALUES
('Поток',   1,   1),
('Поток',   2,   1),
('Поток',   3,   2),
('Группа',  101, 3),
('Группа',  102, 4),
('Группа',  103, 4),
('Студент', 3,   5),
('Студент', 6,   5),
('Студент', 10,  5),
('Студент', 7,   6),
('Студент', 2,   6),
('Студент', 9,   6),
('Поток',   1,   7),
('Поток',   3,   7),
('Поток',   2,   8),
('Группа',  202, 9),
('Группа',  203, 9),
('Группа',  201, 10),
('Студент', 1,   11),
('Студент', 8,   11),
('Студент', 4,   12),
('Студент', 5,   12),
('Студент', 12,  12);

INSERT INTO teachers (full_name, courses) VALUES
('Белов Леионид Евгеньевич',     '{1, 7, 6}'),
('Прохорова Наталья Николаевна', '{2, 8, 12}'),
('Синицын Михаил Юрьевич',       '{3, 9}'),
('Григорьев Илья Русланович',    '{4, 10}'),
('Аверичева Ольга Дмитриевна',   '{5, 11}');

INSERT INTO passed_courses (student, course, study_year) VALUES
(1,  7,  1),
(1,  8,  1),
(10, 11, 2),
(7,  12, 2),
(8,  7,  1),
(3,  8,  1),
(8,  11, 2),
(11, 12, 2);

INSERT INTO classrooms (classroom_number, capacity) VALUES
(1, 30),
(2, 40),
(3, 100),
(4, 25),
(5, 30),
(6, 15),
(7, 40),
(8, 30);

INSERT INTO lessons (teacher, course, classroom, day, lesson_time) VALUES
(1, 1,  1, 'Понедельник', TIME '08:45:00'),
(1, 7,  2, 'Вторник',     TIME '10:30:00'),
(1, 6,  3, 'Среда',       TIME '12:50:00'),
(2, 2,  4, 'Четверг',     TIME '14:35:00'),
(2, 8,  5, 'Пятница',     TIME '08:45:00'),
(2, 12, 6, 'Суббота',     TIME '10:30:00'),
(3, 3,  7, 'Понедельник', TIME '12:15:00'),
(3, 3,  8, 'Вторник',     TIME '14:35:00'),
(3, 9,  1, 'Среда',       TIME '08:45:00'),
(3, 9,  2, 'Четверг',     TIME '10:30:00'),
(4, 4,  3, 'Пятница',     TIME '12:50:00'),
(4, 10, 4, 'Суббота',     TIME '14:35:00'),
(5, 5,  5, 'Понедельник', TIME '08:45:00'),
(5, 5,  6, 'Вторник',     TIME '10:30:00'),
(5, 11, 7, 'Среда',       TIME '12:15:00');

COMMIT;